Dominant_Topic,Perc_Contribution,Topic_Keywords,Original_Text
5,0.6415,"segmentation, video, model, semantic, method, visual, object, objects, motion, propose",<built-in method copy of list object at 0x000001C7BD533F00>
2,0.7333,"data, learning, training, model, models, new, language, performance, representations, supervised",
5,0.5049,"segmentation, video, model, semantic, method, visual, object, objects, motion, propose",
8,0.868,"channel, proposed, rate, algorithm, problem, number, information, results, based, time",
0,0.9921,"codes, code, 1, n, paper, m, optimal, linear, minimum, binary",
5,0.9955,"segmentation, video, model, semantic, method, visual, object, objects, motion, propose",
0,0.9281,"codes, code, 1, n, paper, m, optimal, linear, minimum, binary",
6,0.527,"image, images, proposed, 3d, based, object, dataset, learning, methods, method",
2,0.6239,"data, learning, training, model, models, new, language, performance, representations, supervised",
5,0.6657,"segmentation, video, model, semantic, method, visual, object, objects, motion, propose",
9,0.9949,"text, model, based, models, system, language, speech, end, word, knowledge",
6,0.6303,"image, images, proposed, 3d, based, object, dataset, learning, methods, method",
6,0.4124,"image, images, proposed, 3d, based, object, dataset, learning, methods, method",
4,0.3511,"models, learning, deep, training, model, task, art, images, state, state_art",
4,0.4321,"models, learning, deep, training, model, task, art, images, state, state_art",
8,0.543,"channel, proposed, rate, algorithm, problem, number, information, results, based, time",
9,0.42,"text, model, based, models, system, language, speech, end, word, knowledge",
2,0.8891,"data, learning, training, model, models, new, language, performance, representations, supervised",
3,0.6015,"translation, model, target, information, feedback, based, language, machine, natural, machine_translation",
5,0.5077,"segmentation, video, model, semantic, method, visual, object, objects, motion, propose",
1,0.5528,"image, network, neural, networks, images, methods, method, convolutional, proposed, based",
9,0.9956,"text, model, based, models, system, language, speech, end, word, knowledge",
1,0.5408,"image, network, neural, networks, images, methods, method, convolutional, proposed, based",
1,0.3754,"image, network, neural, networks, images, methods, method, convolutional, proposed, based",
5,0.7037,"segmentation, video, model, semantic, method, visual, object, objects, motion, propose",
4,0.5668,"models, learning, deep, training, model, task, art, images, state, state_art",
2,0.3732,"data, learning, training, model, models, new, language, performance, representations, supervised",
3,0.5542,"translation, model, target, information, feedback, based, language, machine, natural, machine_translation",
8,0.9929,"channel, proposed, rate, algorithm, problem, number, information, results, based, time",
8,0.7663,"channel, proposed, rate, algorithm, problem, number, information, results, based, time",
1,0.9743,"image, network, neural, networks, images, methods, method, convolutional, proposed, based",
5,0.5749,"segmentation, video, model, semantic, method, visual, object, objects, motion, propose",
7,0.4163,"based, problem, estimation, performance, proposed, methods, feature, approach, approaches, state_art",
1,0.9955,"image, network, neural, networks, images, methods, method, convolutional, proposed, based",
1,0.564,"image, network, neural, networks, images, methods, method, convolutional, proposed, based",
5,0.5413,"segmentation, video, model, semantic, method, visual, object, objects, motion, propose",
4,0.5247,"models, learning, deep, training, model, task, art, images, state, state_art",
4,0.4259,"models, learning, deep, training, model, task, art, images, state, state_art",
1,0.6165,"image, network, neural, networks, images, methods, method, convolutional, proposed, based",
1,0.5759,"image, network, neural, networks, images, methods, method, convolutional, proposed, based",
2,0.8146,"data, learning, training, model, models, new, language, performance, representations, supervised",
3,0.9955,"translation, model, target, information, feedback, based, language, machine, natural, machine_translation",
4,0.6218,"models, learning, deep, training, model, task, art, images, state, state_art",
7,0.9952,"based, problem, estimation, performance, proposed, methods, feature, approach, approaches, state_art",
7,0.9915,"based, problem, estimation, performance, proposed, methods, feature, approach, approaches, state_art",
1,0.5683,"image, network, neural, networks, images, methods, method, convolutional, proposed, based",
6,0.5962,"image, images, proposed, 3d, based, object, dataset, learning, methods, method",
2,0.8624,"data, learning, training, model, models, new, language, performance, representations, supervised",
5,0.8162,"segmentation, video, model, semantic, method, visual, object, objects, motion, propose",
1,0.9965,"image, network, neural, networks, images, methods, method, convolutional, proposed, based",
6,0.499,"image, images, proposed, 3d, based, object, dataset, learning, methods, method",
4,0.5394,"models, learning, deep, training, model, task, art, images, state, state_art",
0,0.8284,"codes, code, 1, n, paper, m, optimal, linear, minimum, binary",
6,0.4444,"image, images, proposed, 3d, based, object, dataset, learning, methods, method",
8,0.9872,"channel, proposed, rate, algorithm, problem, number, information, results, based, time",
4,0.3625,"models, learning, deep, training, model, task, art, images, state, state_art",
4,0.5921,"models, learning, deep, training, model, task, art, images, state, state_art",
4,0.9957,"models, learning, deep, training, model, task, art, images, state, state_art",
8,0.744,"channel, proposed, rate, algorithm, problem, number, information, results, based, time",
4,0.9083,"models, learning, deep, training, model, task, art, images, state, state_art",
5,0.5347,"segmentation, video, model, semantic, method, visual, object, objects, motion, propose",
6,0.6336,"image, images, proposed, 3d, based, object, dataset, learning, methods, method",
4,0.996,"models, learning, deep, training, model, task, art, images, state, state_art",
9,0.3222,"text, model, based, models, system, language, speech, end, word, knowledge",
7,0.6814,"based, problem, estimation, performance, proposed, methods, feature, approach, approaches, state_art",
4,0.6939,"models, learning, deep, training, model, task, art, images, state, state_art",
2,0.7029,"data, learning, training, model, models, new, language, performance, representations, supervised",
7,0.542,"based, problem, estimation, performance, proposed, methods, feature, approach, approaches, state_art",
4,0.5379,"models, learning, deep, training, model, task, art, images, state, state_art",
9,0.6243,"text, model, based, models, system, language, speech, end, word, knowledge",
8,0.9938,"channel, proposed, rate, algorithm, problem, number, information, results, based, time",
0,0.5395,"codes, code, 1, n, paper, m, optimal, linear, minimum, binary",
7,0.6507,"based, problem, estimation, performance, proposed, methods, feature, approach, approaches, state_art",
3,0.5275,"translation, model, target, information, feedback, based, language, machine, natural, machine_translation",
5,0.6217,"segmentation, video, model, semantic, method, visual, object, objects, motion, propose",
2,0.4733,"data, learning, training, model, models, new, language, performance, representations, supervised",
7,0.7144,"based, problem, estimation, performance, proposed, methods, feature, approach, approaches, state_art",
6,0.3126,"image, images, proposed, 3d, based, object, dataset, learning, methods, method",
2,0.4586,"data, learning, training, model, models, new, language, performance, representations, supervised",
9,0.6591,"text, model, based, models, system, language, speech, end, word, knowledge",
4,0.6701,"models, learning, deep, training, model, task, art, images, state, state_art",
8,0.7957,"channel, proposed, rate, algorithm, problem, number, information, results, based, time",
2,0.4811,"data, learning, training, model, models, new, language, performance, representations, supervised",
8,0.9941,"channel, proposed, rate, algorithm, problem, number, information, results, based, time",
2,0.2153,"data, learning, training, model, models, new, language, performance, representations, supervised",
1,0.9938,"image, network, neural, networks, images, methods, method, convolutional, proposed, based",
6,0.7708,"image, images, proposed, 3d, based, object, dataset, learning, methods, method",
4,0.4632,"models, learning, deep, training, model, task, art, images, state, state_art",
3,0.5948,"translation, model, target, information, feedback, based, language, machine, natural, machine_translation",
1,0.7406,"image, network, neural, networks, images, methods, method, convolutional, proposed, based",
5,0.2898,"segmentation, video, model, semantic, method, visual, object, objects, motion, propose",
0,0.5472,"codes, code, 1, n, paper, m, optimal, linear, minimum, binary",
6,0.8363,"image, images, proposed, 3d, based, object, dataset, learning, methods, method",
9,0.4942,"text, model, based, models, system, language, speech, end, word, knowledge",
9,0.9956,"text, model, based, models, system, language, speech, end, word, knowledge",
8,0.9936,"channel, proposed, rate, algorithm, problem, number, information, results, based, time",
8,0.9941,"channel, proposed, rate, algorithm, problem, number, information, results, based, time",
8,0.5022,"channel, proposed, rate, algorithm, problem, number, information, results, based, time",
1,0.258,"image, network, neural, networks, images, methods, method, convolutional, proposed, based",
4,0.7482,"models, learning, deep, training, model, task, art, images, state, state_art",
8,0.9863,"channel, proposed, rate, algorithm, problem, number, information, results, based, time",
1,0.9288,"image, network, neural, networks, images, methods, method, convolutional, proposed, based",
4,0.619,"models, learning, deep, training, model, task, art, images, state, state_art",
4,0.9952,"models, learning, deep, training, model, task, art, images, state, state_art",
8,0.808,"channel, proposed, rate, algorithm, problem, number, information, results, based, time",
3,0.6952,"translation, model, target, information, feedback, based, language, machine, natural, machine_translation",
3,0.9946,"translation, model, target, information, feedback, based, language, machine, natural, machine_translation",
4,0.5545,"models, learning, deep, training, model, task, art, images, state, state_art",
6,0.3914,"image, images, proposed, 3d, based, object, dataset, learning, methods, method",
2,0.4691,"data, learning, training, model, models, new, language, performance, representations, supervised",
9,0.9937,"text, model, based, models, system, language, speech, end, word, knowledge",
6,0.6887,"image, images, proposed, 3d, based, object, dataset, learning, methods, method",
5,0.9267,"segmentation, video, model, semantic, method, visual, object, objects, motion, propose",
4,0.6005,"models, learning, deep, training, model, task, art, images, state, state_art",
6,0.9928,"image, images, proposed, 3d, based, object, dataset, learning, methods, method",
4,0.5841,"models, learning, deep, training, model, task, art, images, state, state_art",
2,0.9815,"data, learning, training, model, models, new, language, performance, representations, supervised",
9,0.4768,"text, model, based, models, system, language, speech, end, word, knowledge",
6,0.4992,"image, images, proposed, 3d, based, object, dataset, learning, methods, method",
0,0.9911,"codes, code, 1, n, paper, m, optimal, linear, minimum, binary",
8,0.9953,"channel, proposed, rate, algorithm, problem, number, information, results, based, time",
1,0.6856,"image, network, neural, networks, images, methods, method, convolutional, proposed, based",
8,0.7717,"channel, proposed, rate, algorithm, problem, number, information, results, based, time",
8,0.7909,"channel, proposed, rate, algorithm, problem, number, information, results, based, time",
7,0.9933,"based, problem, estimation, performance, proposed, methods, feature, approach, approaches, state_art",
4,0.5092,"models, learning, deep, training, model, task, art, images, state, state_art",
2,0.536,"data, learning, training, model, models, new, language, performance, representations, supervised",
0,0.9943,"codes, code, 1, n, paper, m, optimal, linear, minimum, binary",
8,0.9278,"channel, proposed, rate, algorithm, problem, number, information, results, based, time",
8,0.9131,"channel, proposed, rate, algorithm, problem, number, information, results, based, time",
2,0.6739,"data, learning, training, model, models, new, language, performance, representations, supervised",
9,0.5164,"text, model, based, models, system, language, speech, end, word, knowledge",
1,0.943,"image, network, neural, networks, images, methods, method, convolutional, proposed, based",
5,0.4685,"segmentation, video, model, semantic, method, visual, object, objects, motion, propose",
6,0.8109,"image, images, proposed, 3d, based, object, dataset, learning, methods, method",
7,0.7919,"based, problem, estimation, performance, proposed, methods, feature, approach, approaches, state_art",
6,0.4171,"image, images, proposed, 3d, based, object, dataset, learning, methods, method",
8,0.6382,"channel, proposed, rate, algorithm, problem, number, information, results, based, time",
5,0.427,"segmentation, video, model, semantic, method, visual, object, objects, motion, propose",
9,0.5952,"text, model, based, models, system, language, speech, end, word, knowledge",
2,0.5629,"data, learning, training, model, models, new, language, performance, representations, supervised",
5,0.7083,"segmentation, video, model, semantic, method, visual, object, objects, motion, propose",
4,0.7309,"models, learning, deep, training, model, task, art, images, state, state_art",
2,0.4422,"data, learning, training, model, models, new, language, performance, representations, supervised",
4,0.9954,"models, learning, deep, training, model, task, art, images, state, state_art",
8,0.9349,"channel, proposed, rate, algorithm, problem, number, information, results, based, time",
1,0.5276,"image, network, neural, networks, images, methods, method, convolutional, proposed, based",
2,0.9806,"data, learning, training, model, models, new, language, performance, representations, supervised",
1,0.3514,"image, network, neural, networks, images, methods, method, convolutional, proposed, based",
8,0.994,"channel, proposed, rate, algorithm, problem, number, information, results, based, time",
7,0.9927,"based, problem, estimation, performance, proposed, methods, feature, approach, approaches, state_art",
1,0.5434,"image, network, neural, networks, images, methods, method, convolutional, proposed, based",
7,0.4884,"based, problem, estimation, performance, proposed, methods, feature, approach, approaches, state_art",
8,0.4107,"channel, proposed, rate, algorithm, problem, number, information, results, based, time",
4,0.4132,"models, learning, deep, training, model, task, art, images, state, state_art",
1,0.7387,"image, network, neural, networks, images, methods, method, convolutional, proposed, based",
2,0.6944,"data, learning, training, model, models, new, language, performance, representations, supervised",
8,0.608,"channel, proposed, rate, algorithm, problem, number, information, results, based, time",
1,0.6503,"image, network, neural, networks, images, methods, method, convolutional, proposed, based",
5,0.51,"segmentation, video, model, semantic, method, visual, object, objects, motion, propose",
7,0.8419,"based, problem, estimation, performance, proposed, methods, feature, approach, approaches, state_art",
8,0.4211,"channel, proposed, rate, algorithm, problem, number, information, results, based, time",
4,0.5535,"models, learning, deep, training, model, task, art, images, state, state_art",
6,0.4324,"image, images, proposed, 3d, based, object, dataset, learning, methods, method",
4,0.5784,"models, learning, deep, training, model, task, art, images, state, state_art",
2,0.6432,"data, learning, training, model, models, new, language, performance, representations, supervised",
2,0.6937,"data, learning, training, model, models, new, language, performance, representations, supervised",
6,0.44,"image, images, proposed, 3d, based, object, dataset, learning, methods, method",
5,0.3237,"segmentation, video, model, semantic, method, visual, object, objects, motion, propose",
1,0.8988,"image, network, neural, networks, images, methods, method, convolutional, proposed, based",
4,0.6841,"models, learning, deep, training, model, task, art, images, state, state_art",
4,0.8871,"models, learning, deep, training, model, task, art, images, state, state_art",
9,0.9908,"text, model, based, models, system, language, speech, end, word, knowledge",
4,0.3995,"models, learning, deep, training, model, task, art, images, state, state_art",
1,0.5535,"image, network, neural, networks, images, methods, method, convolutional, proposed, based",
5,0.7476,"segmentation, video, model, semantic, method, visual, object, objects, motion, propose",
1,0.6391,"image, network, neural, networks, images, methods, method, convolutional, proposed, based",
9,0.6656,"text, model, based, models, system, language, speech, end, word, knowledge",
8,0.7732,"channel, proposed, rate, algorithm, problem, number, information, results, based, time",
5,0.5454,"segmentation, video, model, semantic, method, visual, object, objects, motion, propose",
3,0.5459,"translation, model, target, information, feedback, based, language, machine, natural, machine_translation",
1,0.5194,"image, network, neural, networks, images, methods, method, convolutional, proposed, based",
6,0.6544,"image, images, proposed, 3d, based, object, dataset, learning, methods, method",
2,0.6453,"data, learning, training, model, models, new, language, performance, representations, supervised",
3,0.99,"translation, model, target, information, feedback, based, language, machine, natural, machine_translation",
8,0.9863,"channel, proposed, rate, algorithm, problem, number, information, results, based, time",
8,0.8989,"channel, proposed, rate, algorithm, problem, number, information, results, based, time",
4,0.2926,"models, learning, deep, training, model, task, art, images, state, state_art",
9,0.5178,"text, model, based, models, system, language, speech, end, word, knowledge",
8,0.6478,"channel, proposed, rate, algorithm, problem, number, information, results, based, time",
4,0.7671,"models, learning, deep, training, model, task, art, images, state, state_art",
8,0.5076,"channel, proposed, rate, algorithm, problem, number, information, results, based, time",
9,0.4501,"text, model, based, models, system, language, speech, end, word, knowledge",
1,0.4701,"image, network, neural, networks, images, methods, method, convolutional, proposed, based",
0,0.643,"codes, code, 1, n, paper, m, optimal, linear, minimum, binary",
8,0.9952,"channel, proposed, rate, algorithm, problem, number, information, results, based, time",
3,0.9918,"translation, model, target, information, feedback, based, language, machine, natural, machine_translation",
4,0.3647,"models, learning, deep, training, model, task, art, images, state, state_art",
5,0.4748,"segmentation, video, model, semantic, method, visual, object, objects, motion, propose",
8,0.7364,"channel, proposed, rate, algorithm, problem, number, information, results, based, time",
4,0.9955,"models, learning, deep, training, model, task, art, images, state, state_art",
2,0.6879,"data, learning, training, model, models, new, language, performance, representations, supervised",
7,0.9958,"based, problem, estimation, performance, proposed, methods, feature, approach, approaches, state_art",
7,0.3921,"based, problem, estimation, performance, proposed, methods, feature, approach, approaches, state_art",
1,0.5557,"image, network, neural, networks, images, methods, method, convolutional, proposed, based",
5,0.4558,"segmentation, video, model, semantic, method, visual, object, objects, motion, propose",
2,0.5795,"data, learning, training, model, models, new, language, performance, representations, supervised",
7,0.6429,"based, problem, estimation, performance, proposed, methods, feature, approach, approaches, state_art",
9,0.3456,"text, model, based, models, system, language, speech, end, word, knowledge",
8,0.742,"channel, proposed, rate, algorithm, problem, number, information, results, based, time",
4,0.5493,"models, learning, deep, training, model, task, art, images, state, state_art",
8,0.9927,"channel, proposed, rate, algorithm, problem, number, information, results, based, time",
1,0.4309,"image, network, neural, networks, images, methods, method, convolutional, proposed, based",
5,0.6562,"segmentation, video, model, semantic, method, visual, object, objects, motion, propose",
7,0.7418,"based, problem, estimation, performance, proposed, methods, feature, approach, approaches, state_art",
1,0.5852,"image, network, neural, networks, images, methods, method, convolutional, proposed, based",
2,0.3816,"data, learning, training, model, models, new, language, performance, representations, supervised",
1,0.933,"image, network, neural, networks, images, methods, method, convolutional, proposed, based",
4,0.5073,"models, learning, deep, training, model, task, art, images, state, state_art",
2,0.6234,"data, learning, training, model, models, new, language, performance, representations, supervised",
8,0.541,"channel, proposed, rate, algorithm, problem, number, information, results, based, time",
2,0.6671,"data, learning, training, model, models, new, language, performance, representations, supervised",
8,0.6808,"channel, proposed, rate, algorithm, problem, number, information, results, based, time",
4,0.3725,"models, learning, deep, training, model, task, art, images, state, state_art",
2,0.7801,"data, learning, training, model, models, new, language, performance, representations, supervised",
1,0.9924,"image, network, neural, networks, images, methods, method, convolutional, proposed, based",
1,0.3745,"image, network, neural, networks, images, methods, method, convolutional, proposed, based",
0,0.8922,"codes, code, 1, n, paper, m, optimal, linear, minimum, binary",
6,0.4396,"image, images, proposed, 3d, based, object, dataset, learning, methods, method",
4,0.3721,"models, learning, deep, training, model, task, art, images, state, state_art",
8,0.7694,"channel, proposed, rate, algorithm, problem, number, information, results, based, time",
7,0.3531,"based, problem, estimation, performance, proposed, methods, feature, approach, approaches, state_art",
8,0.9946,"channel, proposed, rate, algorithm, problem, number, information, results, based, time",
6,0.4816,"image, images, proposed, 3d, based, object, dataset, learning, methods, method",
6,0.5464,"image, images, proposed, 3d, based, object, dataset, learning, methods, method",
7,0.4169,"based, problem, estimation, performance, proposed, methods, feature, approach, approaches, state_art",
8,0.9899,"channel, proposed, rate, algorithm, problem, number, information, results, based, time",
7,0.5996,"based, problem, estimation, performance, proposed, methods, feature, approach, approaches, state_art",
9,0.6211,"text, model, based, models, system, language, speech, end, word, knowledge",
8,0.6809,"channel, proposed, rate, algorithm, problem, number, information, results, based, time",
8,0.783,"channel, proposed, rate, algorithm, problem, number, information, results, based, time",
4,0.8057,"models, learning, deep, training, model, task, art, images, state, state_art",
1,0.5118,"image, network, neural, networks, images, methods, method, convolutional, proposed, based",
8,0.9934,"channel, proposed, rate, algorithm, problem, number, information, results, based, time",
4,0.6031,"models, learning, deep, training, model, task, art, images, state, state_art",
2,0.3374,"data, learning, training, model, models, new, language, performance, representations, supervised",
2,0.5351,"data, learning, training, model, models, new, language, performance, representations, supervised",
7,0.461,"based, problem, estimation, performance, proposed, methods, feature, approach, approaches, state_art",
5,0.66,"segmentation, video, model, semantic, method, visual, object, objects, motion, propose",
1,0.7068,"image, network, neural, networks, images, methods, method, convolutional, proposed, based",
6,0.9964,"image, images, proposed, 3d, based, object, dataset, learning, methods, method",
6,0.7324,"image, images, proposed, 3d, based, object, dataset, learning, methods, method",
7,0.7049,"based, problem, estimation, performance, proposed, methods, feature, approach, approaches, state_art",
4,0.4827,"models, learning, deep, training, model, task, art, images, state, state_art",
6,0.7045,"image, images, proposed, 3d, based, object, dataset, learning, methods, method",
4,0.993,"models, learning, deep, training, model, task, art, images, state, state_art",
4,0.6871,"models, learning, deep, training, model, task, art, images, state, state_art",
0,0.4595,"codes, code, 1, n, paper, m, optimal, linear, minimum, binary",
2,0.4728,"data, learning, training, model, models, new, language, performance, representations, supervised",
3,0.9911,"translation, model, target, information, feedback, based, language, machine, natural, machine_translation",
8,0.8011,"channel, proposed, rate, algorithm, problem, number, information, results, based, time",
0,0.9862,"codes, code, 1, n, paper, m, optimal, linear, minimum, binary",
8,0.9913,"channel, proposed, rate, algorithm, problem, number, information, results, based, time",
7,0.5242,"based, problem, estimation, performance, proposed, methods, feature, approach, approaches, state_art",
6,0.4691,"image, images, proposed, 3d, based, object, dataset, learning, methods, method",
9,0.5107,"text, model, based, models, system, language, speech, end, word, knowledge",
9,0.3575,"text, model, based, models, system, language, speech, end, word, knowledge",
2,0.3972,"data, learning, training, model, models, new, language, performance, representations, supervised",
1,0.9954,"image, network, neural, networks, images, methods, method, convolutional, proposed, based",
7,0.3996,"based, problem, estimation, performance, proposed, methods, feature, approach, approaches, state_art",
8,0.9937,"channel, proposed, rate, algorithm, problem, number, information, results, based, time",
5,0.7832,"segmentation, video, model, semantic, method, visual, object, objects, motion, propose",
9,0.6172,"text, model, based, models, system, language, speech, end, word, knowledge",
7,0.4478,"based, problem, estimation, performance, proposed, methods, feature, approach, approaches, state_art",
2,0.5073,"data, learning, training, model, models, new, language, performance, representations, supervised",
4,0.3693,"models, learning, deep, training, model, task, art, images, state, state_art",
8,0.9937,"channel, proposed, rate, algorithm, problem, number, information, results, based, time",
2,0.6051,"data, learning, training, model, models, new, language, performance, representations, supervised",
4,0.3871,"models, learning, deep, training, model, task, art, images, state, state_art",
2,0.7928,"data, learning, training, model, models, new, language, performance, representations, supervised",
0,0.5126,"codes, code, 1, n, paper, m, optimal, linear, minimum, binary",
8,0.4963,"channel, proposed, rate, algorithm, problem, number, information, results, based, time",
8,0.9927,"channel, proposed, rate, algorithm, problem, number, information, results, based, time",
7,0.4379,"based, problem, estimation, performance, proposed, methods, feature, approach, approaches, state_art",
8,0.9949,"channel, proposed, rate, algorithm, problem, number, information, results, based, time",
8,0.7547,"channel, proposed, rate, algorithm, problem, number, information, results, based, time",
8,0.6403,"channel, proposed, rate, algorithm, problem, number, information, results, based, time",
4,0.3328,"models, learning, deep, training, model, task, art, images, state, state_art",
8,0.5133,"channel, proposed, rate, algorithm, problem, number, information, results, based, time",
1,0.7936,"image, network, neural, networks, images, methods, method, convolutional, proposed, based",
0,0.954,"codes, code, 1, n, paper, m, optimal, linear, minimum, binary",
4,0.9426,"models, learning, deep, training, model, task, art, images, state, state_art",
5,0.589,"segmentation, video, model, semantic, method, visual, object, objects, motion, propose",
9,0.7045,"text, model, based, models, system, language, speech, end, word, knowledge",
2,0.6807,"data, learning, training, model, models, new, language, performance, representations, supervised",
7,0.8676,"based, problem, estimation, performance, proposed, methods, feature, approach, approaches, state_art",
0,0.992,"codes, code, 1, n, paper, m, optimal, linear, minimum, binary",
2,0.8838,"data, learning, training, model, models, new, language, performance, representations, supervised",
1,0.994,"image, network, neural, networks, images, methods, method, convolutional, proposed, based",
1,0.2833,"image, network, neural, networks, images, methods, method, convolutional, proposed, based",
4,0.4799,"models, learning, deep, training, model, task, art, images, state, state_art",
8,0.5998,"channel, proposed, rate, algorithm, problem, number, information, results, based, time",
8,0.7713,"channel, proposed, rate, algorithm, problem, number, information, results, based, time",
8,0.9932,"channel, proposed, rate, algorithm, problem, number, information, results, based, time",
0,0.9754,"codes, code, 1, n, paper, m, optimal, linear, minimum, binary",
8,0.3891,"channel, proposed, rate, algorithm, problem, number, information, results, based, time",
7,0.524,"based, problem, estimation, performance, proposed, methods, feature, approach, approaches, state_art",
0,0.5495,"codes, code, 1, n, paper, m, optimal, linear, minimum, binary",
9,0.4868,"text, model, based, models, system, language, speech, end, word, knowledge",
0,0.8498,"codes, code, 1, n, paper, m, optimal, linear, minimum, binary",
2,0.6775,"data, learning, training, model, models, new, language, performance, representations, supervised",
8,0.9938,"channel, proposed, rate, algorithm, problem, number, information, results, based, time",
4,0.5959,"models, learning, deep, training, model, task, art, images, state, state_art",
4,0.7427,"models, learning, deep, training, model, task, art, images, state, state_art",
4,0.6665,"models, learning, deep, training, model, task, art, images, state, state_art",
8,0.4812,"channel, proposed, rate, algorithm, problem, number, information, results, based, time",
5,0.4431,"segmentation, video, model, semantic, method, visual, object, objects, motion, propose",
3,0.742,"translation, model, target, information, feedback, based, language, machine, natural, machine_translation",
8,0.8118,"channel, proposed, rate, algorithm, problem, number, information, results, based, time",
1,0.4113,"image, network, neural, networks, images, methods, method, convolutional, proposed, based",
1,0.7675,"image, network, neural, networks, images, methods, method, convolutional, proposed, based",
8,0.518,"channel, proposed, rate, algorithm, problem, number, information, results, based, time",
1,0.3653,"image, network, neural, networks, images, methods, method, convolutional, proposed, based",
8,0.7317,"channel, proposed, rate, algorithm, problem, number, information, results, based, time",
3,0.9775,"translation, model, target, information, feedback, based, language, machine, natural, machine_translation",
5,0.8535,"segmentation, video, model, semantic, method, visual, object, objects, motion, propose",
1,0.669,"image, network, neural, networks, images, methods, method, convolutional, proposed, based",
7,0.2826,"based, problem, estimation, performance, proposed, methods, feature, approach, approaches, state_art",
7,0.4848,"based, problem, estimation, performance, proposed, methods, feature, approach, approaches, state_art",
0,0.6281,"codes, code, 1, n, paper, m, optimal, linear, minimum, binary",
4,0.2971,"models, learning, deep, training, model, task, art, images, state, state_art",
1,0.498,"image, network, neural, networks, images, methods, method, convolutional, proposed, based",
6,0.7273,"image, images, proposed, 3d, based, object, dataset, learning, methods, method",
4,0.5024,"models, learning, deep, training, model, task, art, images, state, state_art",
4,0.5569,"models, learning, deep, training, model, task, art, images, state, state_art",
5,0.7482,"segmentation, video, model, semantic, method, visual, object, objects, motion, propose",
4,0.523,"models, learning, deep, training, model, task, art, images, state, state_art",
5,0.5925,"segmentation, video, model, semantic, method, visual, object, objects, motion, propose",
8,0.7449,"channel, proposed, rate, algorithm, problem, number, information, results, based, time",
8,0.5345,"channel, proposed, rate, algorithm, problem, number, information, results, based, time",
0,0.5186,"codes, code, 1, n, paper, m, optimal, linear, minimum, binary",
5,0.666,"segmentation, video, model, semantic, method, visual, object, objects, motion, propose",
0,0.994,"codes, code, 1, n, paper, m, optimal, linear, minimum, binary",
2,0.3447,"data, learning, training, model, models, new, language, performance, representations, supervised",
1,0.3773,"image, network, neural, networks, images, methods, method, convolutional, proposed, based",
4,0.6538,"models, learning, deep, training, model, task, art, images, state, state_art",
7,0.5518,"based, problem, estimation, performance, proposed, methods, feature, approach, approaches, state_art",
8,0.8938,"channel, proposed, rate, algorithm, problem, number, information, results, based, time",
9,0.594,"text, model, based, models, system, language, speech, end, word, knowledge",
1,0.8239,"image, network, neural, networks, images, methods, method, convolutional, proposed, based",
2,0.7644,"data, learning, training, model, models, new, language, performance, representations, supervised",
4,0.3242,"models, learning, deep, training, model, task, art, images, state, state_art",
8,0.8099,"channel, proposed, rate, algorithm, problem, number, information, results, based, time",
6,0.7106,"image, images, proposed, 3d, based, object, dataset, learning, methods, method",
0,0.6675,"codes, code, 1, n, paper, m, optimal, linear, minimum, binary",
6,0.5582,"image, images, proposed, 3d, based, object, dataset, learning, methods, method",
2,0.4987,"data, learning, training, model, models, new, language, performance, representations, supervised",
9,0.749,"text, model, based, models, system, language, speech, end, word, knowledge",
1,0.5756,"image, network, neural, networks, images, methods, method, convolutional, proposed, based",
6,0.5822,"image, images, proposed, 3d, based, object, dataset, learning, methods, method",
7,0.9947,"based, problem, estimation, performance, proposed, methods, feature, approach, approaches, state_art",
2,0.7104,"data, learning, training, model, models, new, language, performance, representations, supervised",
1,0.9953,"image, network, neural, networks, images, methods, method, convolutional, proposed, based",
8,0.5841,"channel, proposed, rate, algorithm, problem, number, information, results, based, time",
1,0.6316,"image, network, neural, networks, images, methods, method, convolutional, proposed, based",
8,0.724,"channel, proposed, rate, algorithm, problem, number, information, results, based, time",
9,0.4554,"text, model, based, models, system, language, speech, end, word, knowledge",
7,0.9211,"based, problem, estimation, performance, proposed, methods, feature, approach, approaches, state_art",
9,0.8194,"text, model, based, models, system, language, speech, end, word, knowledge",
9,0.5506,"text, model, based, models, system, language, speech, end, word, knowledge",
1,0.4831,"image, network, neural, networks, images, methods, method, convolutional, proposed, based",
7,0.6263,"based, problem, estimation, performance, proposed, methods, feature, approach, approaches, state_art",
2,0.4627,"data, learning, training, model, models, new, language, performance, representations, supervised",
5,0.6403,"segmentation, video, model, semantic, method, visual, object, objects, motion, propose",
1,0.9947,"image, network, neural, networks, images, methods, method, convolutional, proposed, based",
1,0.5718,"image, network, neural, networks, images, methods, method, convolutional, proposed, based",
6,0.7131,"image, images, proposed, 3d, based, object, dataset, learning, methods, method",
6,0.6868,"image, images, proposed, 3d, based, object, dataset, learning, methods, method",
4,0.6777,"models, learning, deep, training, model, task, art, images, state, state_art",
5,0.5265,"segmentation, video, model, semantic, method, visual, object, objects, motion, propose",
1,0.4852,"image, network, neural, networks, images, methods, method, convolutional, proposed, based",
8,0.9936,"channel, proposed, rate, algorithm, problem, number, information, results, based, time",
2,0.4644,"data, learning, training, model, models, new, language, performance, representations, supervised",
3,0.5023,"translation, model, target, information, feedback, based, language, machine, natural, machine_translation",
0,0.8876,"codes, code, 1, n, paper, m, optimal, linear, minimum, binary",
1,0.522,"image, network, neural, networks, images, methods, method, convolutional, proposed, based",
9,0.586,"text, model, based, models, system, language, speech, end, word, knowledge",
9,0.6748,"text, model, based, models, system, language, speech, end, word, knowledge",
0,0.4604,"codes, code, 1, n, paper, m, optimal, linear, minimum, binary",
4,0.5906,"models, learning, deep, training, model, task, art, images, state, state_art",
7,0.5736,"based, problem, estimation, performance, proposed, methods, feature, approach, approaches, state_art",
6,0.6363,"image, images, proposed, 3d, based, object, dataset, learning, methods, method",
3,0.8124,"translation, model, target, information, feedback, based, language, machine, natural, machine_translation",
4,0.6054,"models, learning, deep, training, model, task, art, images, state, state_art",
6,0.3692,"image, images, proposed, 3d, based, object, dataset, learning, methods, method",
6,0.383,"image, images, proposed, 3d, based, object, dataset, learning, methods, method",
8,0.9911,"channel, proposed, rate, algorithm, problem, number, information, results, based, time",
6,0.3757,"image, images, proposed, 3d, based, object, dataset, learning, methods, method",
7,0.5918,"based, problem, estimation, performance, proposed, methods, feature, approach, approaches, state_art",
8,0.7737,"channel, proposed, rate, algorithm, problem, number, information, results, based, time",
8,0.994,"channel, proposed, rate, algorithm, problem, number, information, results, based, time",
8,0.6587,"channel, proposed, rate, algorithm, problem, number, information, results, based, time",
7,0.5051,"based, problem, estimation, performance, proposed, methods, feature, approach, approaches, state_art",
7,0.9935,"based, problem, estimation, performance, proposed, methods, feature, approach, approaches, state_art",
5,0.7189,"segmentation, video, model, semantic, method, visual, object, objects, motion, propose",
3,0.3971,"translation, model, target, information, feedback, based, language, machine, natural, machine_translation",
2,0.9679,"data, learning, training, model, models, new, language, performance, representations, supervised",
8,0.9946,"channel, proposed, rate, algorithm, problem, number, information, results, based, time",
9,0.6267,"text, model, based, models, system, language, speech, end, word, knowledge",
8,0.4653,"channel, proposed, rate, algorithm, problem, number, information, results, based, time",
4,0.3287,"models, learning, deep, training, model, task, art, images, state, state_art",
1,0.9946,"image, network, neural, networks, images, methods, method, convolutional, proposed, based",
0,0.9897,"codes, code, 1, n, paper, m, optimal, linear, minimum, binary",
0,0.6098,"codes, code, 1, n, paper, m, optimal, linear, minimum, binary",
0,0.3926,"codes, code, 1, n, paper, m, optimal, linear, minimum, binary",
8,0.9926,"channel, proposed, rate, algorithm, problem, number, information, results, based, time",
2,0.3304,"data, learning, training, model, models, new, language, performance, representations, supervised",
1,0.7734,"image, network, neural, networks, images, methods, method, convolutional, proposed, based",
0,0.8955,"codes, code, 1, n, paper, m, optimal, linear, minimum, binary",
5,0.7658,"segmentation, video, model, semantic, method, visual, object, objects, motion, propose",
4,0.6174,"models, learning, deep, training, model, task, art, images, state, state_art",
4,0.9948,"models, learning, deep, training, model, task, art, images, state, state_art",
3,0.425,"translation, model, target, information, feedback, based, language, machine, natural, machine_translation",
2,0.8311,"data, learning, training, model, models, new, language, performance, representations, supervised",
2,0.6051,"data, learning, training, model, models, new, language, performance, representations, supervised",
5,0.4564,"segmentation, video, model, semantic, method, visual, object, objects, motion, propose",
9,0.6853,"text, model, based, models, system, language, speech, end, word, knowledge",
6,0.6849,"image, images, proposed, 3d, based, object, dataset, learning, methods, method",
9,0.5556,"text, model, based, models, system, language, speech, end, word, knowledge",
8,0.9748,"channel, proposed, rate, algorithm, problem, number, information, results, based, time",
0,0.4935,"codes, code, 1, n, paper, m, optimal, linear, minimum, binary",
7,0.6183,"based, problem, estimation, performance, proposed, methods, feature, approach, approaches, state_art",
9,0.8654,"text, model, based, models, system, language, speech, end, word, knowledge",
8,0.9911,"channel, proposed, rate, algorithm, problem, number, information, results, based, time",
7,0.58,"based, problem, estimation, performance, proposed, methods, feature, approach, approaches, state_art",
2,0.6633,"data, learning, training, model, models, new, language, performance, representations, supervised",
7,0.8061,"based, problem, estimation, performance, proposed, methods, feature, approach, approaches, state_art",
4,0.3548,"models, learning, deep, training, model, task, art, images, state, state_art",
6,0.7329,"image, images, proposed, 3d, based, object, dataset, learning, methods, method",
1,0.3319,"image, network, neural, networks, images, methods, method, convolutional, proposed, based",
1,0.5704,"image, network, neural, networks, images, methods, method, convolutional, proposed, based",
5,0.4654,"segmentation, video, model, semantic, method, visual, object, objects, motion, propose",
4,0.8527,"models, learning, deep, training, model, task, art, images, state, state_art",
5,0.6715,"segmentation, video, model, semantic, method, visual, object, objects, motion, propose",
9,0.5482,"text, model, based, models, system, language, speech, end, word, knowledge",
8,0.6722,"channel, proposed, rate, algorithm, problem, number, information, results, based, time",
5,0.394,"segmentation, video, model, semantic, method, visual, object, objects, motion, propose",
2,0.9885,"data, learning, training, model, models, new, language, performance, representations, supervised",
8,0.4064,"channel, proposed, rate, algorithm, problem, number, information, results, based, time",
4,0.5737,"models, learning, deep, training, model, task, art, images, state, state_art",
5,0.512,"segmentation, video, model, semantic, method, visual, object, objects, motion, propose",
3,0.4063,"translation, model, target, information, feedback, based, language, machine, natural, machine_translation",
7,0.9899,"based, problem, estimation, performance, proposed, methods, feature, approach, approaches, state_art",
2,0.5116,"data, learning, training, model, models, new, language, performance, representations, supervised",
0,0.99,"codes, code, 1, n, paper, m, optimal, linear, minimum, binary",
5,0.5279,"segmentation, video, model, semantic, method, visual, object, objects, motion, propose",
7,0.7964,"based, problem, estimation, performance, proposed, methods, feature, approach, approaches, state_art",
0,0.4893,"codes, code, 1, n, paper, m, optimal, linear, minimum, binary",
4,0.4847,"models, learning, deep, training, model, task, art, images, state, state_art",
5,0.9937,"segmentation, video, model, semantic, method, visual, object, objects, motion, propose",
7,0.5733,"based, problem, estimation, performance, proposed, methods, feature, approach, approaches, state_art",
6,0.9943,"image, images, proposed, 3d, based, object, dataset, learning, methods, method",
1,0.6321,"image, network, neural, networks, images, methods, method, convolutional, proposed, based",
4,0.7072,"models, learning, deep, training, model, task, art, images, state, state_art",
3,0.5527,"translation, model, target, information, feedback, based, language, machine, natural, machine_translation",
2,0.3597,"data, learning, training, model, models, new, language, performance, representations, supervised",
8,0.8567,"channel, proposed, rate, algorithm, problem, number, information, results, based, time",
6,0.4598,"image, images, proposed, 3d, based, object, dataset, learning, methods, method",
1,0.4989,"image, network, neural, networks, images, methods, method, convolutional, proposed, based",
7,0.3682,"based, problem, estimation, performance, proposed, methods, feature, approach, approaches, state_art",
1,0.7593,"image, network, neural, networks, images, methods, method, convolutional, proposed, based",
6,0.606,"image, images, proposed, 3d, based, object, dataset, learning, methods, method",
5,0.458,"segmentation, video, model, semantic, method, visual, object, objects, motion, propose",
8,0.8477,"channel, proposed, rate, algorithm, problem, number, information, results, based, time",
3,0.4373,"translation, model, target, information, feedback, based, language, machine, natural, machine_translation",
6,0.8411,"image, images, proposed, 3d, based, object, dataset, learning, methods, method",
7,0.5069,"based, problem, estimation, performance, proposed, methods, feature, approach, approaches, state_art",
5,0.6789,"segmentation, video, model, semantic, method, visual, object, objects, motion, propose",
5,0.5737,"segmentation, video, model, semantic, method, visual, object, objects, motion, propose",
6,0.9953,"image, images, proposed, 3d, based, object, dataset, learning, methods, method",
2,0.9869,"data, learning, training, model, models, new, language, performance, representations, supervised",
8,0.9911,"channel, proposed, rate, algorithm, problem, number, information, results, based, time",
5,0.3811,"segmentation, video, model, semantic, method, visual, object, objects, motion, propose",
6,0.4313,"image, images, proposed, 3d, based, object, dataset, learning, methods, method",
7,0.5299,"based, problem, estimation, performance, proposed, methods, feature, approach, approaches, state_art",
0,0.5063,"codes, code, 1, n, paper, m, optimal, linear, minimum, binary",
1,0.6729,"image, network, neural, networks, images, methods, method, convolutional, proposed, based",
7,0.7005,"based, problem, estimation, performance, proposed, methods, feature, approach, approaches, state_art",
4,0.731,"models, learning, deep, training, model, task, art, images, state, state_art",
6,0.417,"image, images, proposed, 3d, based, object, dataset, learning, methods, method",
4,0.3641,"models, learning, deep, training, model, task, art, images, state, state_art",
1,0.43,"image, network, neural, networks, images, methods, method, convolutional, proposed, based",
2,0.5272,"data, learning, training, model, models, new, language, performance, representations, supervised",
6,0.9953,"image, images, proposed, 3d, based, object, dataset, learning, methods, method",
1,0.8152,"image, network, neural, networks, images, methods, method, convolutional, proposed, based",
4,0.9944,"models, learning, deep, training, model, task, art, images, state, state_art",
8,0.9913,"channel, proposed, rate, algorithm, problem, number, information, results, based, time",
5,0.6409,"segmentation, video, model, semantic, method, visual, object, objects, motion, propose",
4,0.4753,"models, learning, deep, training, model, task, art, images, state, state_art",
5,0.448,"segmentation, video, model, semantic, method, visual, object, objects, motion, propose",
4,0.7813,"models, learning, deep, training, model, task, art, images, state, state_art",
8,0.6548,"channel, proposed, rate, algorithm, problem, number, information, results, based, time",
9,0.4223,"text, model, based, models, system, language, speech, end, word, knowledge",
1,0.6305,"image, network, neural, networks, images, methods, method, convolutional, proposed, based",
8,0.5493,"channel, proposed, rate, algorithm, problem, number, information, results, based, time",
2,0.5777,"data, learning, training, model, models, new, language, performance, representations, supervised",
8,0.4416,"channel, proposed, rate, algorithm, problem, number, information, results, based, time",
6,0.5866,"image, images, proposed, 3d, based, object, dataset, learning, methods, method",
0,0.9571,"codes, code, 1, n, paper, m, optimal, linear, minimum, binary",
6,0.4746,"image, images, proposed, 3d, based, object, dataset, learning, methods, method",
7,0.6918,"based, problem, estimation, performance, proposed, methods, feature, approach, approaches, state_art",
4,0.5558,"models, learning, deep, training, model, task, art, images, state, state_art",
6,0.5048,"image, images, proposed, 3d, based, object, dataset, learning, methods, method",
9,0.4135,"text, model, based, models, system, language, speech, end, word, knowledge",
5,0.5988,"segmentation, video, model, semantic, method, visual, object, objects, motion, propose",
3,0.9902,"translation, model, target, information, feedback, based, language, machine, natural, machine_translation",
9,0.5817,"text, model, based, models, system, language, speech, end, word, knowledge",
7,0.2553,"based, problem, estimation, performance, proposed, methods, feature, approach, approaches, state_art",
9,0.9916,"text, model, based, models, system, language, speech, end, word, knowledge",
3,0.4743,"translation, model, target, information, feedback, based, language, machine, natural, machine_translation",
4,0.3722,"models, learning, deep, training, model, task, art, images, state, state_art",
5,0.994,"segmentation, video, model, semantic, method, visual, object, objects, motion, propose",
5,0.5524,"segmentation, video, model, semantic, method, visual, object, objects, motion, propose",
5,0.6685,"segmentation, video, model, semantic, method, visual, object, objects, motion, propose",
0,0.8463,"codes, code, 1, n, paper, m, optimal, linear, minimum, binary",
9,0.4789,"text, model, based, models, system, language, speech, end, word, knowledge",
2,0.9963,"data, learning, training, model, models, new, language, performance, representations, supervised",
0,0.9456,"codes, code, 1, n, paper, m, optimal, linear, minimum, binary",
1,0.5325,"image, network, neural, networks, images, methods, method, convolutional, proposed, based",
0,0.9847,"codes, code, 1, n, paper, m, optimal, linear, minimum, binary",
7,0.4519,"based, problem, estimation, performance, proposed, methods, feature, approach, approaches, state_art",
9,0.9878,"text, model, based, models, system, language, speech, end, word, knowledge",
5,0.68,"segmentation, video, model, semantic, method, visual, object, objects, motion, propose",
7,0.568,"based, problem, estimation, performance, proposed, methods, feature, approach, approaches, state_art",
5,0.3531,"segmentation, video, model, semantic, method, visual, object, objects, motion, propose",
1,0.4799,"image, network, neural, networks, images, methods, method, convolutional, proposed, based",
1,0.5761,"image, network, neural, networks, images, methods, method, convolutional, proposed, based",
8,0.9927,"channel, proposed, rate, algorithm, problem, number, information, results, based, time",
8,0.5239,"channel, proposed, rate, algorithm, problem, number, information, results, based, time",
0,0.8998,"codes, code, 1, n, paper, m, optimal, linear, minimum, binary",
1,0.5213,"image, network, neural, networks, images, methods, method, convolutional, proposed, based",
8,0.6621,"channel, proposed, rate, algorithm, problem, number, information, results, based, time",
6,0.4661,"image, images, proposed, 3d, based, object, dataset, learning, methods, method",
6,0.5596,"image, images, proposed, 3d, based, object, dataset, learning, methods, method",
6,0.5451,"image, images, proposed, 3d, based, object, dataset, learning, methods, method",
1,0.7856,"image, network, neural, networks, images, methods, method, convolutional, proposed, based",
1,0.9911,"image, network, neural, networks, images, methods, method, convolutional, proposed, based",
4,0.5584,"models, learning, deep, training, model, task, art, images, state, state_art",
4,0.8736,"models, learning, deep, training, model, task, art, images, state, state_art",
7,0.4244,"based, problem, estimation, performance, proposed, methods, feature, approach, approaches, state_art",
8,0.3759,"channel, proposed, rate, algorithm, problem, number, information, results, based, time",
1,0.5113,"image, network, neural, networks, images, methods, method, convolutional, proposed, based",
7,0.9916,"based, problem, estimation, performance, proposed, methods, feature, approach, approaches, state_art",
9,0.9084,"text, model, based, models, system, language, speech, end, word, knowledge",
2,0.5808,"data, learning, training, model, models, new, language, performance, representations, supervised",
6,0.7344,"image, images, proposed, 3d, based, object, dataset, learning, methods, method",
6,0.6473,"image, images, proposed, 3d, based, object, dataset, learning, methods, method",
2,0.4364,"data, learning, training, model, models, new, language, performance, representations, supervised",
1,0.9943,"image, network, neural, networks, images, methods, method, convolutional, proposed, based",
9,0.3458,"text, model, based, models, system, language, speech, end, word, knowledge",
5,0.4611,"segmentation, video, model, semantic, method, visual, object, objects, motion, propose",
2,0.5352,"data, learning, training, model, models, new, language, performance, representations, supervised",
1,0.9713,"image, network, neural, networks, images, methods, method, convolutional, proposed, based",
7,0.4026,"based, problem, estimation, performance, proposed, methods, feature, approach, approaches, state_art",
2,0.9436,"data, learning, training, model, models, new, language, performance, representations, supervised",
0,0.5099,"codes, code, 1, n, paper, m, optimal, linear, minimum, binary",
7,0.4745,"based, problem, estimation, performance, proposed, methods, feature, approach, approaches, state_art",
0,0.9946,"codes, code, 1, n, paper, m, optimal, linear, minimum, binary",
8,0.9914,"channel, proposed, rate, algorithm, problem, number, information, results, based, time",
4,0.9108,"models, learning, deep, training, model, task, art, images, state, state_art",
2,0.8092,"data, learning, training, model, models, new, language, performance, representations, supervised",
2,0.5255,"data, learning, training, model, models, new, language, performance, representations, supervised",
0,0.4536,"codes, code, 1, n, paper, m, optimal, linear, minimum, binary",
3,0.7989,"translation, model, target, information, feedback, based, language, machine, natural, machine_translation",
9,0.4971,"text, model, based, models, system, language, speech, end, word, knowledge",
1,0.9948,"image, network, neural, networks, images, methods, method, convolutional, proposed, based",
7,0.7012,"based, problem, estimation, performance, proposed, methods, feature, approach, approaches, state_art",
2,0.8577,"data, learning, training, model, models, new, language, performance, representations, supervised",
8,0.692,"channel, proposed, rate, algorithm, problem, number, information, results, based, time",
2,0.5636,"data, learning, training, model, models, new, language, performance, representations, supervised",
4,0.6399,"models, learning, deep, training, model, task, art, images, state, state_art",
1,0.4416,"image, network, neural, networks, images, methods, method, convolutional, proposed, based",
1,0.8214,"image, network, neural, networks, images, methods, method, convolutional, proposed, based",
9,0.5008,"text, model, based, models, system, language, speech, end, word, knowledge",
0,0.6819,"codes, code, 1, n, paper, m, optimal, linear, minimum, binary",
7,0.8728,"based, problem, estimation, performance, proposed, methods, feature, approach, approaches, state_art",
2,0.4482,"data, learning, training, model, models, new, language, performance, representations, supervised",
7,0.857,"based, problem, estimation, performance, proposed, methods, feature, approach, approaches, state_art",
8,0.5217,"channel, proposed, rate, algorithm, problem, number, information, results, based, time",
7,0.8096,"based, problem, estimation, performance, proposed, methods, feature, approach, approaches, state_art",
1,0.8175,"image, network, neural, networks, images, methods, method, convolutional, proposed, based",
4,0.5678,"models, learning, deep, training, model, task, art, images, state, state_art",
2,0.7813,"data, learning, training, model, models, new, language, performance, representations, supervised",
5,0.5092,"segmentation, video, model, semantic, method, visual, object, objects, motion, propose",
8,0.9368,"channel, proposed, rate, algorithm, problem, number, information, results, based, time",
8,0.3915,"channel, proposed, rate, algorithm, problem, number, information, results, based, time",
1,0.4339,"image, network, neural, networks, images, methods, method, convolutional, proposed, based",
1,0.6951,"image, network, neural, networks, images, methods, method, convolutional, proposed, based",
6,0.5535,"image, images, proposed, 3d, based, object, dataset, learning, methods, method",
0,0.7622,"codes, code, 1, n, paper, m, optimal, linear, minimum, binary",
0,0.6272,"codes, code, 1, n, paper, m, optimal, linear, minimum, binary",
8,0.9939,"channel, proposed, rate, algorithm, problem, number, information, results, based, time",
4,0.3811,"models, learning, deep, training, model, task, art, images, state, state_art",
6,0.9932,"image, images, proposed, 3d, based, object, dataset, learning, methods, method",
7,0.6946,"based, problem, estimation, performance, proposed, methods, feature, approach, approaches, state_art",
0,0.9897,"codes, code, 1, n, paper, m, optimal, linear, minimum, binary",
2,0.5317,"data, learning, training, model, models, new, language, performance, representations, supervised",
3,0.4647,"translation, model, target, information, feedback, based, language, machine, natural, machine_translation",
4,0.9961,"models, learning, deep, training, model, task, art, images, state, state_art",
5,0.9553,"segmentation, video, model, semantic, method, visual, object, objects, motion, propose",
1,0.7662,"image, network, neural, networks, images, methods, method, convolutional, proposed, based",
8,0.4292,"channel, proposed, rate, algorithm, problem, number, information, results, based, time",
0,0.9924,"codes, code, 1, n, paper, m, optimal, linear, minimum, binary",
6,0.5136,"image, images, proposed, 3d, based, object, dataset, learning, methods, method",
2,0.8082,"data, learning, training, model, models, new, language, performance, representations, supervised",
8,0.4955,"channel, proposed, rate, algorithm, problem, number, information, results, based, time",
5,0.6619,"segmentation, video, model, semantic, method, visual, object, objects, motion, propose",
2,0.9931,"data, learning, training, model, models, new, language, performance, representations, supervised",
2,0.3902,"data, learning, training, model, models, new, language, performance, representations, supervised",
9,0.5166,"text, model, based, models, system, language, speech, end, word, knowledge",
4,0.7096,"models, learning, deep, training, model, task, art, images, state, state_art",
5,0.5856,"segmentation, video, model, semantic, method, visual, object, objects, motion, propose",
9,0.6407,"text, model, based, models, system, language, speech, end, word, knowledge",
8,0.3757,"channel, proposed, rate, algorithm, problem, number, information, results, based, time",
7,0.458,"based, problem, estimation, performance, proposed, methods, feature, approach, approaches, state_art",
0,0.9858,"codes, code, 1, n, paper, m, optimal, linear, minimum, binary",
0,0.6723,"codes, code, 1, n, paper, m, optimal, linear, minimum, binary",
8,0.9893,"channel, proposed, rate, algorithm, problem, number, information, results, based, time",
6,0.8392,"image, images, proposed, 3d, based, object, dataset, learning, methods, method",
5,0.5459,"segmentation, video, model, semantic, method, visual, object, objects, motion, propose",
0,0.6945,"codes, code, 1, n, paper, m, optimal, linear, minimum, binary",
5,0.6456,"segmentation, video, model, semantic, method, visual, object, objects, motion, propose",
9,0.5352,"text, model, based, models, system, language, speech, end, word, knowledge",
9,0.5101,"text, model, based, models, system, language, speech, end, word, knowledge",
6,0.4546,"image, images, proposed, 3d, based, object, dataset, learning, methods, method",
7,0.4185,"based, problem, estimation, performance, proposed, methods, feature, approach, approaches, state_art",
6,0.451,"image, images, proposed, 3d, based, object, dataset, learning, methods, method",
6,0.9201,"image, images, proposed, 3d, based, object, dataset, learning, methods, method",
0,0.9768,"codes, code, 1, n, paper, m, optimal, linear, minimum, binary",
7,0.6313,"based, problem, estimation, performance, proposed, methods, feature, approach, approaches, state_art",
2,0.5645,"data, learning, training, model, models, new, language, performance, representations, supervised",
5,0.5108,"segmentation, video, model, semantic, method, visual, object, objects, motion, propose",
1,0.841,"image, network, neural, networks, images, methods, method, convolutional, proposed, based",
8,0.5328,"channel, proposed, rate, algorithm, problem, number, information, results, based, time",
7,0.459,"based, problem, estimation, performance, proposed, methods, feature, approach, approaches, state_art",
3,0.5323,"translation, model, target, information, feedback, based, language, machine, natural, machine_translation",
9,0.9952,"text, model, based, models, system, language, speech, end, word, knowledge",
5,0.32,"segmentation, video, model, semantic, method, visual, object, objects, motion, propose",
7,0.5024,"based, problem, estimation, performance, proposed, methods, feature, approach, approaches, state_art",
0,0.5342,"codes, code, 1, n, paper, m, optimal, linear, minimum, binary",
8,0.7187,"channel, proposed, rate, algorithm, problem, number, information, results, based, time",
2,0.3797,"data, learning, training, model, models, new, language, performance, representations, supervised",
8,0.812,"channel, proposed, rate, algorithm, problem, number, information, results, based, time",
1,0.2842,"image, network, neural, networks, images, methods, method, convolutional, proposed, based",
4,0.4793,"models, learning, deep, training, model, task, art, images, state, state_art",
1,0.6929,"image, network, neural, networks, images, methods, method, convolutional, proposed, based",
5,0.8503,"segmentation, video, model, semantic, method, visual, object, objects, motion, propose",
2,0.8628,"data, learning, training, model, models, new, language, performance, representations, supervised",
8,0.7454,"channel, proposed, rate, algorithm, problem, number, information, results, based, time",
4,0.9924,"models, learning, deep, training, model, task, art, images, state, state_art",
7,0.9137,"based, problem, estimation, performance, proposed, methods, feature, approach, approaches, state_art",
2,0.4764,"data, learning, training, model, models, new, language, performance, representations, supervised",
4,0.3559,"models, learning, deep, training, model, task, art, images, state, state_art",
8,0.6464,"channel, proposed, rate, algorithm, problem, number, information, results, based, time",
8,0.8246,"channel, proposed, rate, algorithm, problem, number, information, results, based, time",
5,0.9947,"segmentation, video, model, semantic, method, visual, object, objects, motion, propose",
1,0.8559,"image, network, neural, networks, images, methods, method, convolutional, proposed, based",
9,0.5689,"text, model, based, models, system, language, speech, end, word, knowledge",
8,0.5475,"channel, proposed, rate, algorithm, problem, number, information, results, based, time",
5,0.9945,"segmentation, video, model, semantic, method, visual, object, objects, motion, propose",
1,0.8821,"image, network, neural, networks, images, methods, method, convolutional, proposed, based",
0,0.6876,"codes, code, 1, n, paper, m, optimal, linear, minimum, binary",
1,0.5559,"image, network, neural, networks, images, methods, method, convolutional, proposed, based",
9,0.8322,"text, model, based, models, system, language, speech, end, word, knowledge",
1,0.4417,"image, network, neural, networks, images, methods, method, convolutional, proposed, based",
6,0.9445,"image, images, proposed, 3d, based, object, dataset, learning, methods, method",
2,0.5589,"data, learning, training, model, models, new, language, performance, representations, supervised",
0,0.7644,"codes, code, 1, n, paper, m, optimal, linear, minimum, binary",
4,0.9953,"models, learning, deep, training, model, task, art, images, state, state_art",
8,0.5999,"channel, proposed, rate, algorithm, problem, number, information, results, based, time",
6,0.9867,"image, images, proposed, 3d, based, object, dataset, learning, methods, method",
6,0.4665,"image, images, proposed, 3d, based, object, dataset, learning, methods, method",
4,0.9955,"models, learning, deep, training, model, task, art, images, state, state_art",
1,0.5595,"image, network, neural, networks, images, methods, method, convolutional, proposed, based",
8,0.5923,"channel, proposed, rate, algorithm, problem, number, information, results, based, time",
8,0.4386,"channel, proposed, rate, algorithm, problem, number, information, results, based, time",
0,0.5928,"codes, code, 1, n, paper, m, optimal, linear, minimum, binary",
1,0.4999,"image, network, neural, networks, images, methods, method, convolutional, proposed, based",
8,0.9948,"channel, proposed, rate, algorithm, problem, number, information, results, based, time",
8,0.7897,"channel, proposed, rate, algorithm, problem, number, information, results, based, time",
8,0.9938,"channel, proposed, rate, algorithm, problem, number, information, results, based, time",
1,0.3993,"image, network, neural, networks, images, methods, method, convolutional, proposed, based",
7,0.5439,"based, problem, estimation, performance, proposed, methods, feature, approach, approaches, state_art",
9,0.8069,"text, model, based, models, system, language, speech, end, word, knowledge",
6,0.6319,"image, images, proposed, 3d, based, object, dataset, learning, methods, method",
8,0.6356,"channel, proposed, rate, algorithm, problem, number, information, results, based, time",
8,0.9927,"channel, proposed, rate, algorithm, problem, number, information, results, based, time",
8,0.6058,"channel, proposed, rate, algorithm, problem, number, information, results, based, time",
1,0.5319,"image, network, neural, networks, images, methods, method, convolutional, proposed, based",
5,0.5814,"segmentation, video, model, semantic, method, visual, object, objects, motion, propose",
1,0.3988,"image, network, neural, networks, images, methods, method, convolutional, proposed, based",
8,0.5353,"channel, proposed, rate, algorithm, problem, number, information, results, based, time",
6,0.9945,"image, images, proposed, 3d, based, object, dataset, learning, methods, method",
6,0.54,"image, images, proposed, 3d, based, object, dataset, learning, methods, method",
8,0.5269,"channel, proposed, rate, algorithm, problem, number, information, results, based, time",
4,0.4262,"models, learning, deep, training, model, task, art, images, state, state_art",
2,0.8347,"data, learning, training, model, models, new, language, performance, representations, supervised",
7,0.6725,"based, problem, estimation, performance, proposed, methods, feature, approach, approaches, state_art",
4,0.8013,"models, learning, deep, training, model, task, art, images, state, state_art",
7,0.4528,"based, problem, estimation, performance, proposed, methods, feature, approach, approaches, state_art",
6,0.6804,"image, images, proposed, 3d, based, object, dataset, learning, methods, method",
4,0.7194,"models, learning, deep, training, model, task, art, images, state, state_art",
9,0.4321,"text, model, based, models, system, language, speech, end, word, knowledge",
8,0.9951,"channel, proposed, rate, algorithm, problem, number, information, results, based, time",
4,0.7151,"models, learning, deep, training, model, task, art, images, state, state_art",
8,0.6229,"channel, proposed, rate, algorithm, problem, number, information, results, based, time",
2,0.561,"data, learning, training, model, models, new, language, performance, representations, supervised",
4,0.5819,"models, learning, deep, training, model, task, art, images, state, state_art",
4,0.5198,"models, learning, deep, training, model, task, art, images, state, state_art",
1,0.6615,"image, network, neural, networks, images, methods, method, convolutional, proposed, based",
5,0.6902,"segmentation, video, model, semantic, method, visual, object, objects, motion, propose",
8,0.6269,"channel, proposed, rate, algorithm, problem, number, information, results, based, time",
1,0.6614,"image, network, neural, networks, images, methods, method, convolutional, proposed, based",
7,0.8929,"based, problem, estimation, performance, proposed, methods, feature, approach, approaches, state_art",
6,0.8609,"image, images, proposed, 3d, based, object, dataset, learning, methods, method",
7,0.4792,"based, problem, estimation, performance, proposed, methods, feature, approach, approaches, state_art",
8,0.5478,"channel, proposed, rate, algorithm, problem, number, information, results, based, time",
2,0.4362,"data, learning, training, model, models, new, language, performance, representations, supervised",
0,0.8652,"codes, code, 1, n, paper, m, optimal, linear, minimum, binary",
4,0.5167,"models, learning, deep, training, model, task, art, images, state, state_art",
2,0.9498,"data, learning, training, model, models, new, language, performance, representations, supervised",
4,0.549,"models, learning, deep, training, model, task, art, images, state, state_art",
7,0.6773,"based, problem, estimation, performance, proposed, methods, feature, approach, approaches, state_art",
9,0.5241,"text, model, based, models, system, language, speech, end, word, knowledge",
7,0.3646,"based, problem, estimation, performance, proposed, methods, feature, approach, approaches, state_art",
4,0.3994,"models, learning, deep, training, model, task, art, images, state, state_art",
8,0.6241,"channel, proposed, rate, algorithm, problem, number, information, results, based, time",
4,0.4815,"models, learning, deep, training, model, task, art, images, state, state_art",
8,0.5827,"channel, proposed, rate, algorithm, problem, number, information, results, based, time",
6,0.7029,"image, images, proposed, 3d, based, object, dataset, learning, methods, method",
6,0.8547,"image, images, proposed, 3d, based, object, dataset, learning, methods, method",
8,0.845,"channel, proposed, rate, algorithm, problem, number, information, results, based, time",
4,0.6701,"models, learning, deep, training, model, task, art, images, state, state_art",
7,0.4424,"based, problem, estimation, performance, proposed, methods, feature, approach, approaches, state_art",
7,0.5416,"based, problem, estimation, performance, proposed, methods, feature, approach, approaches, state_art",
8,0.5954,"channel, proposed, rate, algorithm, problem, number, information, results, based, time",
7,0.4474,"based, problem, estimation, performance, proposed, methods, feature, approach, approaches, state_art",
8,0.6308,"channel, proposed, rate, algorithm, problem, number, information, results, based, time",
8,0.9607,"channel, proposed, rate, algorithm, problem, number, information, results, based, time",
6,0.6604,"image, images, proposed, 3d, based, object, dataset, learning, methods, method",
1,0.5658,"image, network, neural, networks, images, methods, method, convolutional, proposed, based",
9,0.7837,"text, model, based, models, system, language, speech, end, word, knowledge",
0,0.9852,"codes, code, 1, n, paper, m, optimal, linear, minimum, binary",
6,0.5247,"image, images, proposed, 3d, based, object, dataset, learning, methods, method",
0,0.4372,"codes, code, 1, n, paper, m, optimal, linear, minimum, binary",
8,0.1267,"channel, proposed, rate, algorithm, problem, number, information, results, based, time",
2,0.3941,"data, learning, training, model, models, new, language, performance, representations, supervised",
9,0.7326,"text, model, based, models, system, language, speech, end, word, knowledge",
6,0.5743,"image, images, proposed, 3d, based, object, dataset, learning, methods, method",
9,0.9532,"text, model, based, models, system, language, speech, end, word, knowledge",
4,0.6024,"models, learning, deep, training, model, task, art, images, state, state_art",
2,0.2554,"data, learning, training, model, models, new, language, performance, representations, supervised",
4,0.9933,"models, learning, deep, training, model, task, art, images, state, state_art",
5,0.4113,"segmentation, video, model, semantic, method, visual, object, objects, motion, propose",
5,0.5573,"segmentation, video, model, semantic, method, visual, object, objects, motion, propose",
9,0.5372,"text, model, based, models, system, language, speech, end, word, knowledge",
1,0.9942,"image, network, neural, networks, images, methods, method, convolutional, proposed, based",
8,0.9956,"channel, proposed, rate, algorithm, problem, number, information, results, based, time",
5,0.6969,"segmentation, video, model, semantic, method, visual, object, objects, motion, propose",
7,0.3814,"based, problem, estimation, performance, proposed, methods, feature, approach, approaches, state_art",
1,0.7006,"image, network, neural, networks, images, methods, method, convolutional, proposed, based",
8,0.9944,"channel, proposed, rate, algorithm, problem, number, information, results, based, time",
4,0.4456,"models, learning, deep, training, model, task, art, images, state, state_art",
0,0.9889,"codes, code, 1, n, paper, m, optimal, linear, minimum, binary",
3,0.4154,"translation, model, target, information, feedback, based, language, machine, natural, machine_translation",
8,0.7012,"channel, proposed, rate, algorithm, problem, number, information, results, based, time",
2,0.9806,"data, learning, training, model, models, new, language, performance, representations, supervised",
0,0.9802,"codes, code, 1, n, paper, m, optimal, linear, minimum, binary",
1,0.7077,"image, network, neural, networks, images, methods, method, convolutional, proposed, based",
4,0.676,"models, learning, deep, training, model, task, art, images, state, state_art",
2,0.2976,"data, learning, training, model, models, new, language, performance, representations, supervised",
0,0.5211,"codes, code, 1, n, paper, m, optimal, linear, minimum, binary",
8,0.8161,"channel, proposed, rate, algorithm, problem, number, information, results, based, time",
8,0.8593,"channel, proposed, rate, algorithm, problem, number, information, results, based, time",
1,0.5226,"image, network, neural, networks, images, methods, method, convolutional, proposed, based",
1,0.4892,"image, network, neural, networks, images, methods, method, convolutional, proposed, based",
1,0.6763,"image, network, neural, networks, images, methods, method, convolutional, proposed, based",
3,0.3505,"translation, model, target, information, feedback, based, language, machine, natural, machine_translation",
4,0.8264,"models, learning, deep, training, model, task, art, images, state, state_art",
8,0.9952,"channel, proposed, rate, algorithm, problem, number, information, results, based, time",
7,0.9956,"based, problem, estimation, performance, proposed, methods, feature, approach, approaches, state_art",
5,0.6139,"segmentation, video, model, semantic, method, visual, object, objects, motion, propose",
7,0.385,"based, problem, estimation, performance, proposed, methods, feature, approach, approaches, state_art",
5,0.995,"segmentation, video, model, semantic, method, visual, object, objects, motion, propose",
4,0.9901,"models, learning, deep, training, model, task, art, images, state, state_art",
1,0.5159,"image, network, neural, networks, images, methods, method, convolutional, proposed, based",
2,0.4117,"data, learning, training, model, models, new, language, performance, representations, supervised",
6,0.6939,"image, images, proposed, 3d, based, object, dataset, learning, methods, method",
6,0.6447,"image, images, proposed, 3d, based, object, dataset, learning, methods, method",
4,0.4944,"models, learning, deep, training, model, task, art, images, state, state_art",
7,0.7618,"based, problem, estimation, performance, proposed, methods, feature, approach, approaches, state_art",
6,0.4507,"image, images, proposed, 3d, based, object, dataset, learning, methods, method",
8,0.4188,"channel, proposed, rate, algorithm, problem, number, information, results, based, time",
3,0.7948,"translation, model, target, information, feedback, based, language, machine, natural, machine_translation",
5,0.5161,"segmentation, video, model, semantic, method, visual, object, objects, motion, propose",
8,0.7318,"channel, proposed, rate, algorithm, problem, number, information, results, based, time",
2,0.6038,"data, learning, training, model, models, new, language, performance, representations, supervised",
8,0.7322,"channel, proposed, rate, algorithm, problem, number, information, results, based, time",
5,0.7536,"segmentation, video, model, semantic, method, visual, object, objects, motion, propose",
4,0.5813,"models, learning, deep, training, model, task, art, images, state, state_art",
3,0.5265,"translation, model, target, information, feedback, based, language, machine, natural, machine_translation",
4,0.532,"models, learning, deep, training, model, task, art, images, state, state_art",
6,0.5353,"image, images, proposed, 3d, based, object, dataset, learning, methods, method",
2,0.4849,"data, learning, training, model, models, new, language, performance, representations, supervised",
7,0.4749,"based, problem, estimation, performance, proposed, methods, feature, approach, approaches, state_art",
4,0.8945,"models, learning, deep, training, model, task, art, images, state, state_art",
0,0.5264,"codes, code, 1, n, paper, m, optimal, linear, minimum, binary",
7,0.7994,"based, problem, estimation, performance, proposed, methods, feature, approach, approaches, state_art",
1,0.5203,"image, network, neural, networks, images, methods, method, convolutional, proposed, based",
0,0.9456,"codes, code, 1, n, paper, m, optimal, linear, minimum, binary",
7,0.9948,"based, problem, estimation, performance, proposed, methods, feature, approach, approaches, state_art",
8,0.7991,"channel, proposed, rate, algorithm, problem, number, information, results, based, time",
8,0.9957,"channel, proposed, rate, algorithm, problem, number, information, results, based, time",
9,0.6104,"text, model, based, models, system, language, speech, end, word, knowledge",
5,0.3595,"segmentation, video, model, semantic, method, visual, object, objects, motion, propose",
2,0.807,"data, learning, training, model, models, new, language, performance, representations, supervised",
4,0.401,"models, learning, deep, training, model, task, art, images, state, state_art",
5,0.5154,"segmentation, video, model, semantic, method, visual, object, objects, motion, propose",
2,0.9944,"data, learning, training, model, models, new, language, performance, representations, supervised",
1,0.7686,"image, network, neural, networks, images, methods, method, convolutional, proposed, based",
5,0.725,"segmentation, video, model, semantic, method, visual, object, objects, motion, propose",
3,0.5183,"translation, model, target, information, feedback, based, language, machine, natural, machine_translation",
6,0.3468,"image, images, proposed, 3d, based, object, dataset, learning, methods, method",
2,0.5387,"data, learning, training, model, models, new, language, performance, representations, supervised",
1,0.9158,"image, network, neural, networks, images, methods, method, convolutional, proposed, based",
0,0.9328,"codes, code, 1, n, paper, m, optimal, linear, minimum, binary",
2,0.7601,"data, learning, training, model, models, new, language, performance, representations, supervised",
2,0.8289,"data, learning, training, model, models, new, language, performance, representations, supervised",
0,0.9811,"codes, code, 1, n, paper, m, optimal, linear, minimum, binary",
9,0.4656,"text, model, based, models, system, language, speech, end, word, knowledge",
7,0.6874,"based, problem, estimation, performance, proposed, methods, feature, approach, approaches, state_art",
8,0.7448,"channel, proposed, rate, algorithm, problem, number, information, results, based, time",
2,0.3365,"data, learning, training, model, models, new, language, performance, representations, supervised",
1,0.3971,"image, network, neural, networks, images, methods, method, convolutional, proposed, based",
1,0.8643,"image, network, neural, networks, images, methods, method, convolutional, proposed, based",
5,0.8925,"segmentation, video, model, semantic, method, visual, object, objects, motion, propose",
4,0.5342,"models, learning, deep, training, model, task, art, images, state, state_art",
4,0.9927,"models, learning, deep, training, model, task, art, images, state, state_art",
6,0.7114,"image, images, proposed, 3d, based, object, dataset, learning, methods, method",
8,0.4329,"channel, proposed, rate, algorithm, problem, number, information, results, based, time",
8,0.7077,"channel, proposed, rate, algorithm, problem, number, information, results, based, time",
4,0.3856,"models, learning, deep, training, model, task, art, images, state, state_art",
2,0.3944,"data, learning, training, model, models, new, language, performance, representations, supervised",
2,0.7807,"data, learning, training, model, models, new, language, performance, representations, supervised",
7,0.3639,"based, problem, estimation, performance, proposed, methods, feature, approach, approaches, state_art",
1,0.5833,"image, network, neural, networks, images, methods, method, convolutional, proposed, based",
2,0.7788,"data, learning, training, model, models, new, language, performance, representations, supervised",
8,0.5837,"channel, proposed, rate, algorithm, problem, number, information, results, based, time",
1,0.4092,"image, network, neural, networks, images, methods, method, convolutional, proposed, based",
2,0.8582,"data, learning, training, model, models, new, language, performance, representations, supervised",
8,0.6635,"channel, proposed, rate, algorithm, problem, number, information, results, based, time",
1,0.7012,"image, network, neural, networks, images, methods, method, convolutional, proposed, based",
0,0.6022,"codes, code, 1, n, paper, m, optimal, linear, minimum, binary",
1,0.4341,"image, network, neural, networks, images, methods, method, convolutional, proposed, based",
4,0.7601,"models, learning, deep, training, model, task, art, images, state, state_art",
4,0.5774,"models, learning, deep, training, model, task, art, images, state, state_art",
8,0.5504,"channel, proposed, rate, algorithm, problem, number, information, results, based, time",
1,0.7878,"image, network, neural, networks, images, methods, method, convolutional, proposed, based",
0,0.9927,"codes, code, 1, n, paper, m, optimal, linear, minimum, binary",
9,0.994,"text, model, based, models, system, language, speech, end, word, knowledge",
9,0.4878,"text, model, based, models, system, language, speech, end, word, knowledge",
1,0.257,"image, network, neural, networks, images, methods, method, convolutional, proposed, based",
8,0.7987,"channel, proposed, rate, algorithm, problem, number, information, results, based, time",
8,0.9893,"channel, proposed, rate, algorithm, problem, number, information, results, based, time",
3,0.7017,"translation, model, target, information, feedback, based, language, machine, natural, machine_translation",
6,0.6201,"image, images, proposed, 3d, based, object, dataset, learning, methods, method",
5,0.349,"segmentation, video, model, semantic, method, visual, object, objects, motion, propose",
5,0.5371,"segmentation, video, model, semantic, method, visual, object, objects, motion, propose",
4,0.776,"models, learning, deep, training, model, task, art, images, state, state_art",
5,0.9966,"segmentation, video, model, semantic, method, visual, object, objects, motion, propose",
8,0.8743,"channel, proposed, rate, algorithm, problem, number, information, results, based, time",
4,0.9945,"models, learning, deep, training, model, task, art, images, state, state_art",
8,0.98,"channel, proposed, rate, algorithm, problem, number, information, results, based, time",
6,0.8598,"image, images, proposed, 3d, based, object, dataset, learning, methods, method",
5,0.7361,"segmentation, video, model, semantic, method, visual, object, objects, motion, propose",
8,0.7411,"channel, proposed, rate, algorithm, problem, number, information, results, based, time",
4,0.6936,"models, learning, deep, training, model, task, art, images, state, state_art",
3,0.6337,"translation, model, target, information, feedback, based, language, machine, natural, machine_translation",
1,0.6697,"image, network, neural, networks, images, methods, method, convolutional, proposed, based",
7,0.4415,"based, problem, estimation, performance, proposed, methods, feature, approach, approaches, state_art",
8,0.6562,"channel, proposed, rate, algorithm, problem, number, information, results, based, time",
1,0.5523,"image, network, neural, networks, images, methods, method, convolutional, proposed, based",
3,0.3139,"translation, model, target, information, feedback, based, language, machine, natural, machine_translation",
4,0.7371,"models, learning, deep, training, model, task, art, images, state, state_art",
7,0.6397,"based, problem, estimation, performance, proposed, methods, feature, approach, approaches, state_art",
2,0.4484,"data, learning, training, model, models, new, language, performance, representations, supervised",
1,0.6185,"image, network, neural, networks, images, methods, method, convolutional, proposed, based",
9,0.5304,"text, model, based, models, system, language, speech, end, word, knowledge",
3,0.5012,"translation, model, target, information, feedback, based, language, machine, natural, machine_translation",
8,0.7344,"channel, proposed, rate, algorithm, problem, number, information, results, based, time",
0,0.9386,"codes, code, 1, n, paper, m, optimal, linear, minimum, binary",
6,0.5681,"image, images, proposed, 3d, based, object, dataset, learning, methods, method",
4,0.5042,"models, learning, deep, training, model, task, art, images, state, state_art",
8,0.8718,"channel, proposed, rate, algorithm, problem, number, information, results, based, time",
4,0.994,"models, learning, deep, training, model, task, art, images, state, state_art",
9,0.5331,"text, model, based, models, system, language, speech, end, word, knowledge",
0,0.8879,"codes, code, 1, n, paper, m, optimal, linear, minimum, binary",
4,0.9887,"models, learning, deep, training, model, task, art, images, state, state_art",
1,0.9944,"image, network, neural, networks, images, methods, method, convolutional, proposed, based",
9,0.9902,"text, model, based, models, system, language, speech, end, word, knowledge",
0,0.5111,"codes, code, 1, n, paper, m, optimal, linear, minimum, binary",
2,0.5588,"data, learning, training, model, models, new, language, performance, representations, supervised",
2,0.4055,"data, learning, training, model, models, new, language, performance, representations, supervised",
4,0.6309,"models, learning, deep, training, model, task, art, images, state, state_art",
2,0.5418,"data, learning, training, model, models, new, language, performance, representations, supervised",
1,0.3674,"image, network, neural, networks, images, methods, method, convolutional, proposed, based",
4,0.5351,"models, learning, deep, training, model, task, art, images, state, state_art",
7,0.5004,"based, problem, estimation, performance, proposed, methods, feature, approach, approaches, state_art",
9,0.822,"text, model, based, models, system, language, speech, end, word, knowledge",
1,0.5951,"image, network, neural, networks, images, methods, method, convolutional, proposed, based",
7,0.4857,"based, problem, estimation, performance, proposed, methods, feature, approach, approaches, state_art",
0,0.5859,"codes, code, 1, n, paper, m, optimal, linear, minimum, binary",
4,0.6784,"models, learning, deep, training, model, task, art, images, state, state_art",
9,0.62,"text, model, based, models, system, language, speech, end, word, knowledge",
2,0.7773,"data, learning, training, model, models, new, language, performance, representations, supervised",
5,0.4637,"segmentation, video, model, semantic, method, visual, object, objects, motion, propose",
1,0.5113,"image, network, neural, networks, images, methods, method, convolutional, proposed, based",
8,0.9923,"channel, proposed, rate, algorithm, problem, number, information, results, based, time",
6,0.7902,"image, images, proposed, 3d, based, object, dataset, learning, methods, method",
4,0.8377,"models, learning, deep, training, model, task, art, images, state, state_art",
2,0.9935,"data, learning, training, model, models, new, language, performance, representations, supervised",
4,0.4203,"models, learning, deep, training, model, task, art, images, state, state_art",
6,0.4902,"image, images, proposed, 3d, based, object, dataset, learning, methods, method",
1,0.5703,"image, network, neural, networks, images, methods, method, convolutional, proposed, based",
6,0.7199,"image, images, proposed, 3d, based, object, dataset, learning, methods, method",
1,0.5104,"image, network, neural, networks, images, methods, method, convolutional, proposed, based",
4,0.3995,"models, learning, deep, training, model, task, art, images, state, state_art",
1,0.562,"image, network, neural, networks, images, methods, method, convolutional, proposed, based",
4,0.5745,"models, learning, deep, training, model, task, art, images, state, state_art",
6,0.4882,"image, images, proposed, 3d, based, object, dataset, learning, methods, method",
1,0.9956,"image, network, neural, networks, images, methods, method, convolutional, proposed, based",
3,0.9932,"translation, model, target, information, feedback, based, language, machine, natural, machine_translation",
8,0.7301,"channel, proposed, rate, algorithm, problem, number, information, results, based, time",
7,0.6181,"based, problem, estimation, performance, proposed, methods, feature, approach, approaches, state_art",
3,0.8893,"translation, model, target, information, feedback, based, language, machine, natural, machine_translation",
4,0.7541,"models, learning, deep, training, model, task, art, images, state, state_art",
7,0.9941,"based, problem, estimation, performance, proposed, methods, feature, approach, approaches, state_art",
6,0.2909,"image, images, proposed, 3d, based, object, dataset, learning, methods, method",
2,0.5563,"data, learning, training, model, models, new, language, performance, representations, supervised",
8,0.5879,"channel, proposed, rate, algorithm, problem, number, information, results, based, time",
6,0.9948,"image, images, proposed, 3d, based, object, dataset, learning, methods, method",
6,0.7201,"image, images, proposed, 3d, based, object, dataset, learning, methods, method",
2,0.4722,"data, learning, training, model, models, new, language, performance, representations, supervised",
1,0.5563,"image, network, neural, networks, images, methods, method, convolutional, proposed, based",
0,0.5757,"codes, code, 1, n, paper, m, optimal, linear, minimum, binary",
8,0.4924,"channel, proposed, rate, algorithm, problem, number, information, results, based, time",
6,0.9953,"image, images, proposed, 3d, based, object, dataset, learning, methods, method",
9,0.8095,"text, model, based, models, system, language, speech, end, word, knowledge",
8,0.9932,"channel, proposed, rate, algorithm, problem, number, information, results, based, time",
4,0.5716,"models, learning, deep, training, model, task, art, images, state, state_art",
4,0.8169,"models, learning, deep, training, model, task, art, images, state, state_art",
5,0.7142,"segmentation, video, model, semantic, method, visual, object, objects, motion, propose",
7,0.4873,"based, problem, estimation, performance, proposed, methods, feature, approach, approaches, state_art",
1,0.5709,"image, network, neural, networks, images, methods, method, convolutional, proposed, based",
8,0.9916,"channel, proposed, rate, algorithm, problem, number, information, results, based, time",
8,0.7007,"channel, proposed, rate, algorithm, problem, number, information, results, based, time",
6,0.6089,"image, images, proposed, 3d, based, object, dataset, learning, methods, method",
5,0.5797,"segmentation, video, model, semantic, method, visual, object, objects, motion, propose",
1,0.9941,"image, network, neural, networks, images, methods, method, convolutional, proposed, based",
7,0.9935,"based, problem, estimation, performance, proposed, methods, feature, approach, approaches, state_art",
9,0.413,"text, model, based, models, system, language, speech, end, word, knowledge",
4,0.3961,"models, learning, deep, training, model, task, art, images, state, state_art",
8,0.5799,"channel, proposed, rate, algorithm, problem, number, information, results, based, time",
5,0.3428,"segmentation, video, model, semantic, method, visual, object, objects, motion, propose",
4,0.8845,"models, learning, deep, training, model, task, art, images, state, state_art",
8,0.989,"channel, proposed, rate, algorithm, problem, number, information, results, based, time",
8,0.9304,"channel, proposed, rate, algorithm, problem, number, information, results, based, time",
1,0.5407,"image, network, neural, networks, images, methods, method, convolutional, proposed, based",
0,0.9879,"codes, code, 1, n, paper, m, optimal, linear, minimum, binary",
8,0.9916,"channel, proposed, rate, algorithm, problem, number, information, results, based, time",
0,0.8885,"codes, code, 1, n, paper, m, optimal, linear, minimum, binary",
0,0.9189,"codes, code, 1, n, paper, m, optimal, linear, minimum, binary",
2,0.8367,"data, learning, training, model, models, new, language, performance, representations, supervised",
5,0.7894,"segmentation, video, model, semantic, method, visual, object, objects, motion, propose",
9,0.6386,"text, model, based, models, system, language, speech, end, word, knowledge",
4,0.9955,"models, learning, deep, training, model, task, art, images, state, state_art",
8,0.5699,"channel, proposed, rate, algorithm, problem, number, information, results, based, time",
5,0.9409,"segmentation, video, model, semantic, method, visual, object, objects, motion, propose",
0,0.4926,"codes, code, 1, n, paper, m, optimal, linear, minimum, binary",
4,0.9946,"models, learning, deep, training, model, task, art, images, state, state_art",
1,0.7611,"image, network, neural, networks, images, methods, method, convolutional, proposed, based",
1,0.4355,"image, network, neural, networks, images, methods, method, convolutional, proposed, based",
6,0.666,"image, images, proposed, 3d, based, object, dataset, learning, methods, method",
4,0.9896,"models, learning, deep, training, model, task, art, images, state, state_art",
1,0.455,"image, network, neural, networks, images, methods, method, convolutional, proposed, based",
8,0.4134,"channel, proposed, rate, algorithm, problem, number, information, results, based, time",
8,0.5126,"channel, proposed, rate, algorithm, problem, number, information, results, based, time",
4,0.6772,"models, learning, deep, training, model, task, art, images, state, state_art",
7,0.9899,"based, problem, estimation, performance, proposed, methods, feature, approach, approaches, state_art",
5,0.6696,"segmentation, video, model, semantic, method, visual, object, objects, motion, propose",
